Club,Région,Département,Nb joueurs,Ville / lieu déduit,Confiance / source
3PBA,HDF,62,14,,aucune donnée (département non listé)
A R A  LYON,ARA,69,39,CIVRIEUX D'AZERGUES,ambigu (plusieurs bowlings dans le département)
A S B BESANCON,BFC,25,32,AUDINCOURT STAR BOWL,ambigu (plusieurs bowlings dans le département)
A S P T T  LIMOGES,NAN,87,56,LIMOGES,déduit (département à bowling unique)
A.B.C. PONT A MOUSSON,GRE,54,12,,aucune donnée (département non listé)
A.B.S.L LILLE,HDF,59,15,LILLE,déduit (correspondance de nom)
A.D.E.B. DRAGUIGNAN,PAC,83,36,DRAGUIGNAN,déduit (correspondance de nom)
A.J.S.L. MEZIERES-SUR-SEINE BOWLING CLUB,IDF,78,9,RAMBOUILLET,ambigu (plusieurs bowlings dans le département)
ABYSSEA BOWLING CLUB CIVAUX,NAN,86,13,BUXEROLLES,ambigu (plusieurs bowlings dans le département)
ACB AMIENOIS,HDF,80,97,CAMON,déduit (département à bowling unique)
ACD 9 BOWLING ANNEMASSE,ARA,74,8,,aucune donnée (département non listé)
AIZENAY BOWLING CLUB (ABC),PDL,85,30,CHALLANS,ambigu (plusieurs bowlings dans le département)
AMICALE BOWLING CLUB I.D.F,IDF,77,24,MOUSSY LE NEUF,déduit (département à bowling unique)
AMICALE BOWLING MONETEAU,BFC,89,6,MONETEAU/AUXERRE,déduit (correspondance de nom)
ANGERS BOWLING CLUB,PDL,49,46,ANGERS BEAUCOUZE,confirmé (calendrier fédéral)
ANGOULEME BOWLING CLUB,NAN,16,91,ANGOULEME,déduit (correspondance de nom)
ANNECY 69,ARA,74,9,,aucune donnée (département non listé)
AQUABOWL DU PERCHE,CVL,28,21,NOGENT LE ROTROU,confirmé (calendrier fédéral)
ARAGO SPORT ORLEANS,CVL,45,12,ORLEANS,déduit (correspondance de nom)
ARRAS BOWLING CLUB,HDF,62,12,,aucune donnée (département non listé)
AS BOWLING  CLUB  LIMOUSIN LIMOGES,NAN,87,37,LIMOGES,confirmé (calendrier fédéral)
AS FAMAT SAINT NAZAIRE,PDL,44,8,SAINT NAZAIRE,déduit (correspondance de nom)
AS GAZELEC BESANCON,BFC,25,10,AUDINCOURT STAR BOWL,ambigu (plusieurs bowlings dans le département)
AS LEGRAND BOWLING LIMOGES,NAN,87,46,LIMOGES,déduit (département à bowling unique)
AS P T T LA ROCHELLE,NAN,17,61,LA ROCHELLE,ambigu (plusieurs bowlings dans le département)
AS STAR BOWL AUDINCOURT,BFC,25,23,AUDINCOURT STAR BOWL,déduit (correspondance de nom)
AS TERRITORIALE BISONTINE,BFC,25,17,AUDINCOURT STAR BOWL,ambigu (plusieurs bowlings dans le département)
AS VAROISE BOWLING PROMOTION,PAC,83,31,DRAGUIGNAN,ambigu (plusieurs bowlings dans le département)
ASC BNP-PARIBAS PARIS,IDF,75,12,PARIS FRONT DE SEINE,déduit (département à bowling unique)
ASCAP MONTBELIARD,BFC,25,49,AUDINCOURT STAR BOWL,ambigu (plusieurs bowlings dans le département)
ASCE 25 DREAL FC,BFC,25,4,AUDINCOURT STAR BOWL,ambigu (plusieurs bowlings dans le département)
ASCE 33,NAS,33,7,BORDEAUX MERIADECK,ambigu (plusieurs bowlings dans le département)
ASLC PSA RENNES,BRE,35,6,CAP MALO RENNES,déduit (département à bowling unique)
ASPSAV BOWLING,BFC,70,11,VESOUL,déduit (département à bowling unique)
ASPTT BLOIS,CVL,41,21,BLOIS,déduit (département à bowling unique)
ASPTT BOWLING NANTES,PDL,44,90,NANTES ST SEBASTIEN,déduit (correspondance de nom)
ASPTT PAU,NAS,64,10,PAU,déduit (correspondance de nom)
ASPTT TOULOUSE,OCC,31,15,COLOMIERS,déduit (département à bowling unique)
ASSOCIATION BOWLING AMIENOIS,HDF,80,10,CAMON,déduit (département à bowling unique)
ASSOCIATION BOWLING CLUB DOUZY,GRE,08,15,DOUZY,déduit (département à bowling unique)
ASSOCIATION BOWLING PROVENCE TOULON,PAC,83,13,TOULON,déduit (correspondance de nom)
ASSOCIATION LES DUCS DIJON,BFC,21,29,,aucune donnée (département non listé)
ASSOCIATION SPORTIVE BOWLING CLUB CAP MALO,BRE,35,27,CAP MALO RENNES,déduit (département à bowling unique)
ATHENA,IDF,92,8,COURBEVOIE,déduit (département à bowling unique)
ATSCAB BESANCON,BFC,25,75,AUDINCOURT STAR BOWL,ambigu (plusieurs bowlings dans le département)
AURILLAC BOWLING CLUB,ARA,15,27,YTRAC,déduit (département à bowling unique)
AUVERGNE BOWLING,ARA,63,10,CLERMONT FERRAND BREZET,ambigu (plusieurs bowlings dans le département)
AVEYRON CM,OCC,12,7,RODEZ,déduit (département à bowling unique)
Association Sportive Les Strickers de l'Ouest (A.S.S.O).,PDL,44,21,SAINT NAZAIRE,ambigu (plusieurs bowlings dans le département)
B C  POITEVIN POITIERS,NAN,86,51,BUXEROLLES,ambigu (plusieurs bowlings dans le département)
B C S  ANNECY,ARA,74,53,,aucune donnée (département non listé)
B.BOWL CLUB CLERMONT-FERRAND,ARA,63,39,CLERMONT FERRAND BREZET,ambigu (plusieurs bowlings dans le département)
B.C. ALBI LE SEQUESTRE,OCC,81,26,,aucune donnée (département non listé)
B.C. ARVERNE,ARA,63,5,CLERMONT FERRAND BREZET,ambigu (plusieurs bowlings dans le département)
B.L.A.C. NANTES,PDL,44,9,NANTES ST SEBASTIEN,déduit (correspondance de nom)
BAC BOWLING ATHLETIQUE CLUB,IDF,91,14,BOUSSY SAINT ANTOINE,déduit (département à bowling unique)
BAD BOYS SAINT-LO,NOR,50,38,CHERBOURG,déduit (département à bowling unique)
BARTHOLDI BOWLING CLUB,GRE,68,7,WITTELSHEIM,ambigu (plusieurs bowlings dans le département)
BC DES  FLANDRES RN42,HDF,59,35,LOMME,ambigu (plusieurs bowlings dans le département)
BC FLEURYSSOIS,CVL,45,26,ORLEANS,ambigu (plusieurs bowlings dans le département)
BC FONTENAY CHAMPIGNY,IDF,94,36,THIAIS ORLY,déduit (département à bowling unique)
BC OCCITAN MONTPELLIER,OCC,34,42,MONTPELLIER,déduit (département à bowling unique)
BC RAMBOUILLET,IDF,78,73,RAMBOUILLET,déduit (correspondance de nom)
BC TRICASTIN ST PAUL 3 CHATEAUX,ARA,26,25,SAINT PAUL 3 CHATEAUX,déduit (département à bowling unique)
BCE JOINVILLE,IDF,94,44,THIAIS ORLY,déduit (département à bowling unique)
BCO COURBEVOIE,IDF,92,38,COURBEVOIE,déduit (département à bowling unique)
BERMUDES BOWLING CLUB,BFC,58,15,,aucune donnée (département non listé)
BIGORRE BOWLING CLUB TARBES,OCC,65,10,LANNEMEZAN,déduit (département à bowling unique)
BONOBOWL'S BUXEROLLES,NAN,86,7,BUXEROLLES,déduit (correspondance de nom)
BOWLER'S BEZIERS,OCC,34,11,MONTPELLIER,déduit (département à bowling unique)
BOWLER'S TEAM LILLE,HDF,59,17,LILLE,déduit (correspondance de nom)
BOWLERS CLUB VALENCE,ARA,26,13,SAINT PAUL 3 CHATEAUX,déduit (département à bowling unique)
BOWLERS DES DOMES,ARA,63,28,CLERMONT FERRAND BREZET,ambigu (plusieurs bowlings dans le département)
BOWLERS ORANGE ARVERNE,ARA,63,16,CLERMONT FERRAND BREZET,ambigu (plusieurs bowlings dans le département)
BOWLING ADOUR BAYONNE,NAS,64,27,BAYONNE,déduit (correspondance de nom)
BOWLING BALL BUGEY,ARA,01,22,VAUX EN BUGEY,déduit (correspondance de nom)
BOWLING CLUB AERO EVREUX,NOR,27,15,LA FONDERIE,ambigu (plusieurs bowlings dans le département)
BOWLING CLUB AMF NICE,PAC,06,10,CANNES,déduit (département à bowling unique)
BOWLING CLUB AMICALE CAMARGUAISE,OCC,30,14,NIMES,ambigu (plusieurs bowlings dans le département)
BOWLING CLUB AVIGNON,PAC,84,25,AVIGNON - TOURNOI DU CHOCOLAT,confirmé (calendrier fédéral)
BOWLING CLUB BORDELAIS,NAS,33,46,BORDEAUX MERIADECK,ambigu (plusieurs bowlings dans le département)
BOWLING CLUB BRESSAN,ARA,01,34,VAUX EN BUGEY,ambigu (plusieurs bowlings dans le département)
BOWLING CLUB BRESSUIRAIS,NAN,79,34,BRESSUIRE,ambigu (plusieurs bowlings dans le département)
BOWLING CLUB CAISSARGUES,OCC,30,20,CAISSARGUES,déduit (correspondance de nom)
BOWLING CLUB CALADOIS,ARA,69,48,CIVRIEUX D'AZERGUES,ambigu (plusieurs bowlings dans le département)
BOWLING CLUB CERGY,IDF,95,19,,aucune donnée (département non listé)
BOWLING CLUB CHALONNAIS,GRE,51,21,TINQUEUX,ambigu (plusieurs bowlings dans le département)
BOWLING CLUB CHERBOURG,NOR,50,65,CHERBOURG,déduit (département à bowling unique)
BOWLING CLUB CONTREXEVILLE,GRE,88,31,CONTREXEVILLE,déduit (correspondance de nom)
BOWLING CLUB D'AIX EN PROVENCE,PAC,13,39,SALON DE PROVENCE,déduit (correspondance de nom)
BOWLING CLUB DE BAYEUX,NOR,14,67,BAYEUX,confirmé (calendrier fédéral)
BOWLING CLUB DE CARCASSONNE,OCC,11,28,CARCASSONNE,déduit (département à bowling unique)
BOWLING CLUB DE CHALLANS,PDL,85,33,CHALLANS,confirmé (calendrier fédéral)
BOWLING CLUB DE L'AIGLE,NOR,61,9,ARGENTAN,déduit (département à bowling unique)
BOWLING CLUB DE L'AUXOIS,BFC,21,11,,aucune donnée (département non listé)
BOWLING CLUB DE LA BRUCHE,GRE,67,31,DORLISHEIM,ambigu (plusieurs bowlings dans le département)
BOWLING CLUB DE LA RANCE,BRE,22,48,DINAN,confirmé (calendrier fédéral)
BOWLING CLUB DE PLAISIR,IDF,78,55,RAMBOUILLET,ambigu (plusieurs bowlings dans le département)
BOWLING CLUB DE ROANNE,ARA,42,24,VILLARS,déduit (département à bowling unique)
BOWLING CLUB DE VANNES,BRE,56,41,VANNES,déduit (correspondance de nom)
BOWLING CLUB DES COSTIERES,OCC,30,36,NIMES,ambigu (plusieurs bowlings dans le département)
BOWLING CLUB DES JALLES ST MEDARD,NAS,33,41,BORDEAUX MERIADECK,ambigu (plusieurs bowlings dans le département)
BOWLING CLUB DES MENHIRS,BRE,56,27,CARNAC,ambigu (plusieurs bowlings dans le département)
BOWLING CLUB DU BASSIN ARCACHON,NAS,33,15,BORDEAUX MERIADECK,ambigu (plusieurs bowlings dans le département)
BOWLING CLUB DU LAC DE CANIEL,NOR,76,43,GRAND QUEVILLY,ambigu (plusieurs bowlings dans le département)
BOWLING CLUB DU MONT-DORE,ARA,63,33,MONT DORE,déduit (correspondance de nom)
BOWLING CLUB DU PAYS DE MORLAIX,BRE,29,13,MORLAIX,déduit (département à bowling unique)
BOWLING CLUB DUCKY BESANCON,BFC,25,19,AUDINCOURT STAR BOWL,ambigu (plusieurs bowlings dans le département)
BOWLING CLUB ECHIROLLES - ISERE,ARA,38,18,ECHIROLLES,déduit (département à bowling unique)
BOWLING CLUB F300 NORMANDIE,NOR,27,25,LA FONDERIE,ambigu (plusieurs bowlings dans le département)
BOWLING CLUB FERTOIS,PDL,72,10,LE MANS,déduit (département à bowling unique)
BOWLING CLUB HOUDAN,IDF,78,48,HOUDAN,déduit (correspondance de nom)
BOWLING CLUB LA CHAUMUSSE,BFC,39,30,LA CHAUMUSSE,déduit (département à bowling unique)
BOWLING CLUB LANNION,BRE,22,38,DINAN TADEN,ambigu (plusieurs bowlings dans le département)
BOWLING CLUB LE KILHOU,BRE,56,22,CARNAC,ambigu (plusieurs bowlings dans le département)
BOWLING CLUB LE MANS,PDL,72,17,LE MANS,déduit (département à bowling unique)
BOWLING CLUB LES BOOSTERS,BFC,39,22,LA CHAUMUSSE,déduit (département à bowling unique)
BOWLING CLUB LES CANONNIERS 67,GRE,67,49,DORLISHEIM,ambigu (plusieurs bowlings dans le département)
BOWLING CLUB LES DAHUS,PAC,05,21,,aucune donnée (département non listé)
BOWLING CLUB LES DIABLOTINS MOLSHEIM,GRE,67,22,DORLISHEIM,ambigu (plusieurs bowlings dans le département)
BOWLING CLUB LES GAULOIS,HDF,59,9,LOMME,ambigu (plusieurs bowlings dans le département)
BOWLING CLUB LES KILLERS,BFC,21,6,,aucune donnée (département non listé)
BOWLING CLUB LES TROPIQUES REIMS,GRE,51,2,TINQUEUX,ambigu (plusieurs bowlings dans le département)
BOWLING CLUB LILLOIS,HDF,59,8,LOMME,ambigu (plusieurs bowlings dans le département)
BOWLING CLUB MERIGNAC,NAS,33,39,BORDEAUX MERIADECK,ambigu (plusieurs bowlings dans le département)
BOWLING CLUB MONETEAU AUXERRE,BFC,89,30,MONETEAU/AUXERRE,déduit (correspondance de nom)
BOWLING CLUB O-277,OCC,65,6,LANNEMEZAN,déduit (département à bowling unique)
BOWLING CLUB ORLEANS,CVL,45,24,ORLEANS,déduit (correspondance de nom)
BOWLING CLUB PAU BEARN,NAS,64,30,PAU,déduit (correspondance de nom)
BOWLING CLUB PHOCEEN,PAC,13,5,PLAN DE CAMPAGNE,ambigu (plusieurs bowlings dans le département)
BOWLING CLUB RODEZ ONET,OCC,12,76,RODEZ,déduit (département à bowling unique)
BOWLING CLUB ROUEN LE DRAGON,NOR,76,27,GRAND QUEVILLY,ambigu (plusieurs bowlings dans le département)
BOWLING CLUB SAINT ETIENNE,ARA,42,22,VILLARS,déduit (département à bowling unique)
BOWLING CLUB SAINTAIS,NAN,17,10,LA ROCHELLE,ambigu (plusieurs bowlings dans le département)
BOWLING CLUB STRIKING,HDF,59,38,LOMME,ambigu (plusieurs bowlings dans le département)
BOWLING CLUB THIAIS,IDF,94,51,THIAIS ORLY,déduit (département à bowling unique)
BOWLING CLUB THONON LES BAINS,ARA,74,5,,aucune donnée (département non listé)
BOWLING CLUB TRIANGLE D'OR,NOR,76,29,GRAND QUEVILLY,ambigu (plusieurs bowlings dans le département)
BOWLING CLUB VAN GOGH,HDF,59,22,LOMME,ambigu (plusieurs bowlings dans le département)
BOWLING CLUB VOSGIEN GOLBEY,GRE,88,48,EPINAL,ambigu (plusieurs bowlings dans le département)
BOWLING TOURS METROPOLE,CVL,37,89,NOTRE DAME D'OE,confirmé (calendrier fédéral)
BSC WOLVES SAINT MAXIMIN CREIL,HDF,60,58,SAINT MAXIMIN,confirmé (calendrier fédéral)
BUDDY'S MBA -  REIMS TINQUEUX,GRE,51,16,TINQUEUX,déduit (correspondance de nom)
Bowling Club Douai Quai 121,HDF,59,39,DOUAI,déduit (correspondance de nom)
Bowling Club Les Tontons Strikeurs 57,GRE,57,9,ST JULIEN LES METZ,déduit (département à bowling unique)
C'CHARTRES  BOWLING,CVL,28,12,NOGENT LE ROTROU,déduit (département à bowling unique)
C.D.  DROME-ARDECHE,ARA,26,2,SAINT PAUL 3 CHATEAUX,déduit (département à bowling unique)
C.D. DE L'EURE ET LOIR,CVL,28,1,NOGENT LE ROTROU,déduit (département à bowling unique)
C.D. DE L'HERAULT,OCC,34,1,MONTPELLIER,déduit (département à bowling unique)
C.D. DE L'INDRE ET LOIRE,CVL,37,1,NOTRE DAME D'OE,déduit (département à bowling unique)
C.D. DE L'YONNE,BFC,89,2,MONETEAU/AUXERRE,ambigu (plusieurs bowlings dans le département)
C.D. DE LA CHARENTE MARITIME,NAN,17,1,LA ROCHELLE,ambigu (plusieurs bowlings dans le département)
C.D. DE LA COTE D'OR,BFC,21,20,,aucune donnée (département non listé)
C.D. DE LA DORDOGNE,NAS,24,2,BERGERAC,ambigu (plusieurs bowlings dans le département)
C.D. DE LA GIRONDE,NAS,33,1,BORDEAUX MERIADECK,ambigu (plusieurs bowlings dans le département)
C.D. DE LA HAUTE SAVOIE,ARA,74,2,,aucune donnée (département non listé)
C.D. DE LA MEURTHE ET MOSELLE,GRE,54,1,,aucune donnée (département non listé)
C.D. DE LA MOSELLE,GRE,57,1,ST JULIEN LES METZ,déduit (département à bowling unique)
C.D. DES LANDES,NAS,40,1,YZOSSE,déduit (département à bowling unique)
C.D. DU BAS RHIN,GRE,67,17,DORLISHEIM,ambigu (plusieurs bowlings dans le département)
C.D. DU CHER,CVL,18,3,ST DOULCHARD,ambigu (plusieurs bowlings dans le département)
C.D. DU GARD,OCC,30,2,NIMES,ambigu (plusieurs bowlings dans le département)
C.D. DU HAUT RHIN,GRE,68,1,WITTELSHEIM,ambigu (plusieurs bowlings dans le département)
C.D. DU LOIRET,CVL,45,3,ORLEANS,ambigu (plusieurs bowlings dans le département)
C.D. DU NORD,HDF,59,1,LOMME,ambigu (plusieurs bowlings dans le département)
C.D. DU PAS DE CALAIS,HDF,62,1,,aucune donnée (département non listé)
C.D. DU RHONE,ARA,69,3,CIVRIEUX D'AZERGUES,ambigu (plusieurs bowlings dans le département)
C.D.A WIZARD,IDF,94,12,THIAIS ORLY,déduit (département à bowling unique)
C.S.G. BOWLING NOTRE DAME DE GRAVENCHON,NOR,76,37,NOTRE DAME DE GRAVENCHON,déduit (correspondance de nom)
CANIBALS PERPIGNAN BOWLING CLUB,OCC,66,44,RIVESALTES,déduit (département à bowling unique)
CANONNIERS MONTAUBAN,OCC,82,5,,aucune donnée (département non listé)
CARPE DIEM,HDF,62,59,,aucune donnée (département non listé)
CHABLAIS BOWLING CLUB,ARA,74,9,,aucune donnée (département non listé)
CHALLENGER,IDF,75,16,PARIS FRONT DE SEINE,déduit (département à bowling unique)
CHALON BOWLING CLUB,BFC,71,25,TORCY,ambigu (plusieurs bowlings dans le département)
CHARDON LORRAIN BOWLING CLUB,GRE,54,22,,aucune donnée (département non listé)
CHAROLAIS BULLS,BFC,71,29,TORCY,ambigu (plusieurs bowlings dans le département)
CHAURAY BOWLING CLUB,NAN,79,56,CHAURAY,déduit (correspondance de nom)
CHORUS BOWLING CLUB,NOR,76,43,GRAND QUEVILLY,ambigu (plusieurs bowlings dans le département)
CLUB AUDIN BOWLING,BFC,25,20,AUDINCOURT STAR BOWL,ambigu (plusieurs bowlings dans le département)
CLUB BOWL'MAINE SABLE SUR SARTHE,PDL,72,9,LE MANS,déduit (département à bowling unique)
CLUB BOWLING CHAUMONTAIS,GRE,52,17,,aucune donnée (département non listé)
CLUB BOWLING LA GIGNACOISE,OCC,34,20,MONTPELLIER,déduit (département à bowling unique)
CLUB OMNISPORTS BRGM ORLEANS,CVL,45,6,ORLEANS,déduit (correspondance de nom)
CLUB RN 74,BFC,21,9,,aucune donnée (département non listé)
COBRA 18 BOURGES,CVL,18,20,ST DOULCHARD,ambigu (plusieurs bowlings dans le département)
COBRA ANGERS,PDL,49,32,ANGERS BEAUCOUZE,déduit (département à bowling unique)
COGNAC STRIKE BOWLING CLUB,NAN,16,20,COGNAC,confirmé (calendrier fédéral)
CONTRE X SPARE,GRE,88,8,EPINAL,ambigu (plusieurs bowlings dans le département)
CRAZY BOWLERS BC CHELLES,IDF,77,19,MOUSSY LE NEUF,déduit (département à bowling unique)
DIABOWLIC,CVL,28,5,NOGENT LE ROTROU,déduit (département à bowling unique)
DRAGON BOWL BAYEUX,NOR,14,18,BAYEUX,déduit (correspondance de nom)
E.S.C.A.A.M. LE MANS,PDL,72,7,LE MANS,déduit (département à bowling unique)
EAGLES BOWLING VIRE,NOR,14,28,VIRE,confirmé (calendrier fédéral)
EAGLES WITTELSHEIM,GRE,68,18,WITTELSHEIM,confirmé (calendrier fédéral)
ECLATS,HDF,59,50,LOMME,ambigu (plusieurs bowlings dans le département)
ECOLE CLUB BLACK CAT,ARA,73,52,ALBERTVILLE,ambigu (plusieurs bowlings dans le département)
ECOLE CLUB BOWLING PUY EN VELAY,ARA,43,2,,aucune donnée (département non listé)
ECOLE CLUB LAGUNEKIN BAYONNE,NAS,64,19,BAYONNE,déduit (correspondance de nom)
ECOLE DE BOWLING AVERMES-MOULINS,ARA,03,4,AVERMES MOULINS,confirmé (calendrier fédéral)
ECOLE DE BOWLING D'ARGENTAN,NOR,61,8,ARGENTAN,déduit (département à bowling unique)
ECOLE DE BOWLING DE CHERBOURG,NOR,50,14,CHERBOURG,déduit (département à bowling unique)
ECOLE DE BOWLING DE DRAGUIGNAN,PAC,83,7,DRAGUIGNAN,déduit (correspondance de nom)
ECOLE DE BOWLING DE MARTIGUES,PAC,13,17,PLAN DE CAMPAGNE,ambigu (plusieurs bowlings dans le département)
ECOLE DE BOWLING DE RODEZ,OCC,12,7,RODEZ,déduit (département à bowling unique)
ECOLE DE BOWLING DE SAINT LO,NOR,50,44,CHERBOURG,déduit (département à bowling unique)
ECOLE DE BOWLING DE TOULOUSE,OCC,31,9,COLOMIERS,déduit (département à bowling unique)
ECOLE DE BOWLING ESPACE JEUNES,HDF,80,27,CAMON,déduit (département à bowling unique)
ECOLE DE BOWLING LIMOGES,NAN,87,26,LIMOGES,déduit (département à bowling unique)
ECOLE DE BOWLING PERPIGNAN,OCC,66,27,RIVESALTES,déduit (département à bowling unique)
ECOLE DE BOWLING SKITTLE BELFORT,BFC,90,15,BELFORT,déduit (département à bowling unique)
ECOLE DE BOWLING STE FOY,NAS,33,10,BORDEAUX MERIADECK,ambigu (plusieurs bowlings dans le département)
ECOLE-CLUB DE BOWLING DE CANET,OCC,66,11,RIVESALTES,déduit (département à bowling unique)
ENTENTE SPORTIVE RENAULT GROUP,IDF,78,3,RAMBOUILLET,ambigu (plusieurs bowlings dans le département)
ESAM LES MUREAUX,IDF,78,8,RAMBOUILLET,ambigu (plusieurs bowlings dans le département)
ESPACE BOWLING CLUB NARBONNE,OCC,11,22,CARCASSONNE,déduit (département à bowling unique)
EURO BOWLING FLANDRES,HDF,59,22,LOMME,ambigu (plusieurs bowlings dans le département)
EUROPEEN B.C. THIONVILLOIS,GRE,57,78,ST JULIEN LES METZ,déduit (département à bowling unique)
FIREBOWL ORLEANS,CVL,45,31,ORLEANS,confirmé (calendrier fédéral)
FLERS BOWLING IMPACT,NOR,61,12,ARGENTAN,déduit (département à bowling unique)
FONTAINE BOWLING CLUB,NAN,86,34,FONTAINE LE COMTE,confirmé (calendrier fédéral)
FORCE CINÉTIQUE STONES IDF,IDF,95,34,,aucune donnée (département non listé)
FRIEND'S BOWLING ACADEMY PARIS,IDF,75,66,PARIS FRONT DE SEINE,déduit (département à bowling unique)
FUN BOWLERS,CVL,45,81,ORLEANS,ambigu (plusieurs bowlings dans le département)
FUN BOWLING CLUB LES HERBIERS,PDL,85,30,LES HERBIERS,déduit (correspondance de nom)
GAZELEC SPORTS CÔTES D'ARMOR Section Bowling,BRE,22,2,DINAN TADEN,ambigu (plusieurs bowlings dans le département)
GLADIATORES NEMAUSENSIS GN,OCC,30,31,NIMES,ambigu (plusieurs bowlings dans le département)
GUADELOUPE BOWLING ASSOCIATION,GUA,971,14,,aucune donnée (département non listé)
HER BOWLING 201,PDL,85,29,CHALLANS,ambigu (plusieurs bowlings dans le département)
IFB,IDF,75,14,PARIS FRONT DE SEINE,déduit (département à bowling unique)
JEUNES STRIKERS CHÂLONNAIS,GRE,51,17,TINQUEUX,ambigu (plusieurs bowlings dans le département)
JOCK CHANCE,OCC,30,21,CAISSARGUES,confirmé (calendrier fédéral)
KARUKERA STRIKE ASSOCIATION,GUA,971,17,,aucune donnée (département non listé)
KINGS & QUEENS CBA REIMS,GRE,51,53,TINQUEUX,ambigu (plusieurs bowlings dans le département)
KINGS BOWLING CLUB LAON,HDF,02,13,,aucune donnée (département non listé)
LE STRIKE CLUB AUBENAS,ARA,07,5,,aucune donnée (département non listé)
LEOPARDS GRAND QUEVILLY,NOR,76,57,GRAND QUEVILLY,déduit (correspondance de nom)
LES AIGLES 85 B.C.,PDL,85,28,CHALLANS,ambigu (plusieurs bowlings dans le département)
LES AMIS DU YETI BOWLING CLUB,NOR,50,14,CHERBOURG,déduit (département à bowling unique)
LES CIGALES BOWLERS DE PERTUIS,PAC,84,67,PERTUIS,déduit (correspondance de nom)
LES COBRAS DE KRAFFT,GRE,67,17,DORLISHEIM,ambigu (plusieurs bowlings dans le département)
LES DRAGONS DE COLMAR,GRE,68,43,WITTELSHEIM,ambigu (plusieurs bowlings dans le département)
LES ECHELLES BLEUES,CVL,45,6,ORLEANS,ambigu (plusieurs bowlings dans le département)
LES FORGES,NOR,27,5,LA FONDERIE,ambigu (plusieurs bowlings dans le département)
LES GAILLARDS DE BRIVE,NAN,19,8,,aucune donnée (département non listé)
LES GUNNER'S BOURGES,CVL,18,6,ST DOULCHARD,ambigu (plusieurs bowlings dans le département)
LES LEOPARDS CAEN-NORMANDIE,NOR,14,12,VIRE,ambigu (plusieurs bowlings dans le département)
LES LEZARDS DE MONTIVILLIERS,NOR,76,11,GRAND QUEVILLY,ambigu (plusieurs bowlings dans le département)
LES LIONCEAUX DIJON,BFC,21,39,,aucune donnée (département non listé)
LES PIRATES D'ALENCON,PDL,72,11,LE MANS,déduit (département à bowling unique)
LES SNIPER'S DE WITTELSHEIM,GRE,68,81,WITTELSHEIM,déduit (correspondance de nom)
LES SPARTANS,CVL,18,18,ST DOULCHARD,ambigu (plusieurs bowlings dans le département)
LES SPEED BOWLS,OCC,66,34,RIVESALTES,déduit (département à bowling unique)
LES WILDCATS DE MULHOUSE,GRE,68,16,WITTELSHEIM,ambigu (plusieurs bowlings dans le département)
LESCAR BOWLING CLUB,NAS,64,14,PAU,ambigu (plusieurs bowlings dans le département)
LIGUE REGIONALE    BOURGOGNE FRANCHE COMTE,BFC,25,5,AUDINCOURT STAR BOWL,ambigu (plusieurs bowlings dans le département)
LIGUE REGIONALE AUVERGNE RHONE ALPES,ARA,74,5,,aucune donnée (département non listé)
LIGUE REGIONALE GRAND EST,GRE,67,1,DORLISHEIM,ambigu (plusieurs bowlings dans le département)
LIGUE REGIONALE ILE DE FRANCE,IDF,92,15,COURBEVOIE,déduit (département à bowling unique)
LIGUE REGIONALE PACA,PAC,83,2,DRAGUIGNAN,ambigu (plusieurs bowlings dans le département)
LIGUE RÉGIONALE BRETAGNE,BRE,22,6,DINAN TADEN,ambigu (plusieurs bowlings dans le département)
LIGUE RÉGIONALE NOUVELLE AQUITAINE,NAN,87,1,LIMOGES,déduit (département à bowling unique)
LITTORAL BC GRAVELINES,HDF,59,26,LOMME,ambigu (plusieurs bowlings dans le département)
LUCKY BOWL,ARA,69,34,CIVRIEUX D'AZERGUES,ambigu (plusieurs bowlings dans le département)
LUCKY STRIKER'S,ARA,42,5,VILLARS,déduit (département à bowling unique)
LUCON BOWLING CLUB,PDL,85,17,CHALLANS,ambigu (plusieurs bowlings dans le département)
MACON BOWLING CLUB,BFC,71,37,TORCY,ambigu (plusieurs bowlings dans le département)
MARCEY LES GREVES CLUB - MGC,NOR,50,24,CHERBOURG,déduit (département à bowling unique)
MESCHERS BOWLING CLUB,NAN,17,49,MESCHERS SUR GIRONDE,déduit (correspondance de nom)
MONACO BOWLING CLUB,PAC,98,5,,aucune donnée (département non listé)
NEW TEAM B.C. MARTIGUES,PAC,13,30,PLAN DE CAMPAGNE,ambigu (plusieurs bowlings dans le département)
NEW WAVE BOWLING LA ROCHELLE,NAN,17,106,LA ROCHELLE,ambigu (plusieurs bowlings dans le département)
NICE ACROPOLIS S.B.C.,PAC,06,8,CANNES,déduit (département à bowling unique)
NICE COTE D'AZUR BOWLING CLUB,PAC,06,41,CANNES,déduit (département à bowling unique)
ODET B.C. QUIMPER,BRE,29,27,MORLAIX,déduit (département à bowling unique)
OLYMPIC BOWLING CLUB DE MILLAU,OCC,12,11,RODEZ,déduit (département à bowling unique)
OSPARE BOWLING,NOR,27,39,LA FONDERIE,ambigu (plusieurs bowlings dans le département)
PAC MAN NANTES,PDL,44,16,NANTES ST SEBASTIEN,déduit (correspondance de nom)
PATRONAGE LAIQUE LORIENT,BRE,56,24,CARNAC,ambigu (plusieurs bowlings dans le département)
PATRONAGE LAÏQUE ARGENTAN,NOR,61,35,ARGENTAN,déduit (département à bowling unique)
PAU BCA 64,NAS,64,14,PAU,déduit (correspondance de nom)
PERTUIS CLUB BOWLING SAINT BARTH,PAC,84,24,PERTUIS,déduit (correspondance de nom)
PHINIA ROTO-SPORTS,CVL,41,22,BLOIS,déduit (département à bowling unique)
PHOENIX BOWLERS,PDL,49,12,ANGERS BEAUCOUZE,déduit (département à bowling unique)
PHOENIX CLUB BOWLING,ARA,42,17,VILLARS,déduit (département à bowling unique)
PIN BULLS,GRE,51,27,CHALONS EN CHAMPAGNE,confirmé (calendrier fédéral)
POLYGONE BOWLING CLUB BEZIERS,OCC,34,11,MONTPELLIER,déduit (département à bowling unique)
PRESQU'ILE BOWLING CLUB,PDL,44,28,SAINT NAZAIRE,ambigu (plusieurs bowlings dans le département)
PROMOSTARS,CVL,45,20,ORLEANS,ambigu (plusieurs bowlings dans le département)
R.C.T. BOWLING,PAC,83,41,DRAGUIGNAN,ambigu (plusieurs bowlings dans le département)
RED BOWL BUXEROLLES,NAN,86,18,BUXEROLLES,déduit (correspondance de nom)
RED WOLVES AIX LES BAINS,ARA,73,13,MASTER JEUNES - VOGLANS CHAMBERY,confirmé (calendrier fédéral)
ROAZHON BOWLING CLUB,BRE,35,102,MULTI-CENTRES,confirmé (calendrier fédéral)
ROCKETS NANTES,PDL,44,85,NANTES ST SEBASTIEN,déduit (correspondance de nom)
ROLLIN'BOWL,PDL,49,5,ANGERS BEAUCOUZE,déduit (département à bowling unique)
S C B D'AGENAIS,NAS,47,17,AGEN,déduit (département à bowling unique)
S P U C  PESSAC,NAS,33,19,BORDEAUX MERIADECK,ambigu (plusieurs bowlings dans le département)
S.B.A.C. CLERMONT FERRAND,ARA,63,28,CLERMONT FERRAND BREZET,ambigu (plusieurs bowlings dans le département)
S.Q. TOULOUSAIN,OCC,31,14,COLOMIERS,déduit (département à bowling unique)
SAINT BRIEUC BOWLING,BRE,22,16,DINAN TADEN,ambigu (plusieurs bowlings dans le département)
SAINT PAUL SPORTS BOWLING,NAS,40,21,YZOSSE,déduit (département à bowling unique)
SAINT-QUENTIN BUL'S,HDF,02,36,,aucune donnée (département non listé)
SCORPIONS BOWLING,IDF,91,106,BALLAINVILLIERS,confirmé (calendrier fédéral)
SHARKS,IDF,75,2,PARIS FRONT DE SEINE,déduit (département à bowling unique)
SKITTLE CLUB FRANCHE COMTE,BFC,90,113,AUDINCOURT STARBOWL,confirmé (calendrier fédéral)
SLUC NANCY,GRE,54,40,ST JULIEN LES METZ,confirmé (calendrier fédéral)
SMOC BOWLING ST-JEAN DE BRAYE,CVL,45,17,ORLEANS,ambigu (plusieurs bowlings dans le département)
SNIPERS NANTES,PDL,44,9,NANTES ST SEBASTIEN,déduit (correspondance de nom)
SPACE BOWLERS VICHY CUSSET,ARA,03,19,SPACEBOWL - CUSSET,déduit (correspondance de nom)
SPORTING BOWL CHAMBERY,ARA,73,50,ISBT VOGLANS CHAMBERY,confirmé (calendrier fédéral)
SPORTS CG41 SECTION BOWLING,CVL,41,10,BLOIS,déduit (département à bowling unique)
SQUALES BC CREIL- ST MAXIMIN,HDF,60,14,ST MAXIMIN,déduit (département à bowling unique)
ST MAX BOWLING CLUB,PAC,83,2,DRAGUIGNAN,ambigu (plusieurs bowlings dans le département)
STARBOWLERS AVERMES-MOULINS,ARA,03,24,MOULINS - L'ENJOY-AVERMES,déduit (correspondance de nom)
STELLANTIS ATHLETIC CLUB DE CHARLEVILLE-MEZIERES,GRE,08,11,DOUZY,déduit (département à bowling unique)
STRIKE 40 YZOSSE,NAS,40,29,YZOSSE,déduit (département à bowling unique)
STRIKE 59 VILLENEUVE D'ASCQ,HDF,59,43,VILLENEUVE D'ASCQ,confirmé (calendrier fédéral)
STRIKE BACK,GRE,51,13,TINQUEUX,ambigu (plusieurs bowlings dans le département)
STRIKE BALL BOWLING CLUB,GUA,971,14,,aucune donnée (département non listé)
STRIKE CLUB AVERMES MOULINS,ARA,03,13,MOULINS - L'ENJOY-AVERMES,déduit (correspondance de nom)
STRIKERS BOWLING CLUB,NAS,24,31,BERGERAC,ambigu (plusieurs bowlings dans le département)
STRIKES & SPARES AVIGNON,PAC,84,26,AVIGNON,déduit (correspondance de nom)
STRIKES SHOOTERS AGEN BOWLING TEAM,NAS,47,7,AGEN,déduit (département à bowling unique)
SYNERGIE BOWLING,IDF,92,5,COURBEVOIE,déduit (département à bowling unique)
T.O.A.C. TOULOUSE,OCC,31,44,COLOMIERS,déduit (département à bowling unique)
TEAMS BOWLING BERGERAC,NAS,24,20,BERGERAC,déduit (correspondance de nom)
THE BULL BOWL'S BOURGES,CVL,18,35,ST DOULCHARD,ambigu (plusieurs bowlings dans le département)
TOP GONES LYON,ARA,69,70,CIVRIEUX D'AZERGUES,ambigu (plusieurs bowlings dans le département)
TOULOUSE BOWLING CLUB,OCC,31,26,COLOMIERS,déduit (département à bowling unique)
TRANQUILLES NOUVELLE AQUITAINE,NAN,17,36,LA ROCHELLE,ambigu (plusieurs bowlings dans le département)
TROYES GYMNIQUE BOWLING,GRE,10,24,TROYES,déduit (département à bowling unique)
U.C.S. BOWLING COSNE SUR LOIRE,BFC,58,12,,aucune donnée (département non listé)
UNION SPORTIVE ORLEANAISE BOWLING,CVL,45,21,ORLEANS,ambigu (plusieurs bowlings dans le département)
USC DCL,IDF,77,37,MOUSSY LE NEUF,déduit (département à bowling unique)
UST BOWLING ST TROPEZ,PAC,83,32,DRAGUIGNAN,confirmé (calendrier fédéral)
UZES BOWLING CLUB,OCC,30,39,CAISSARGUES,confirmé (calendrier fédéral)
VALENCIENNES BOWLING CLUB,HDF,59,20,LOMME,ambigu (plusieurs bowlings dans le département)
VALHALLA VIRE NORMANDIE,NOR,14,12,VIRE,déduit (correspondance de nom)
WINNER'S ORLEANS,CVL,45,31,ORLEANS,confirmé (calendrier fédéral)
WOLVES BOWLING BLOIS,CVL,41,109,BLOIS,déduit (département à bowling unique)
X BOWL BARJOUVILLE,CVL,28,18,NOGENT LE ROTROU,déduit (département à bowling unique)
X-STRIKES,GRE,67,16,DORLISHEIM,ambigu (plusieurs bowlings dans le département)
XBS CINETIC PARIS,IDF,75,14,PARIS FRONT DE SEINE,déduit (département à bowling unique)
